{
	"credit": "Made with Blockbench",
	"ambientocclusion": false,
	"textures": {
		"0": "block/crimson_door_top",
		"particle": "block/crimson_door_top"
	},
	"elements": [
		{
			"from": [0, 0, 0],
			"to": [3, 16, 16],
			"faces": {
				"north": {"uv": [3, 0, 0, 16], "texture": "#0", "cullface": "north"},
				"east": {"uv": [16, 0, 0, 16], "texture": "#0"},
				"south": {"uv": [0, 0, 3, 16], "texture": "#0", "cullface": "south"},
				"west": {"uv": [0, 0, 16, 16], "texture": "#0", "cullface": "west"},
				"up": {"uv": [5, 16, 8, 0], "texture": "#0"}
			}
		},
		{
			"from": [-0.5, 0, 10],
			"to": [0, 2, 11],
			"rotation": {"angle": 0, "axis": "y", "origin": [5, -6, 7]},
			"faces": {
				"north": {"uv": [10.5, 14, 10, 16], "texture": "#0", "cullface": "north"},
				"south": {"uv": [10, 14, 10.5, 16], "texture": "#0", "cullface": "south"},
				"west": {"uv": [10, 14, 11, 16], "texture": "#0", "cullface": "west"},
				"up": {"uv": [10, 14, 11, 14.5], "rotation": 90, "texture": "#0"},
				"down": {"uv": [10, 15, 11, 15.5], "rotation": 90, "texture": "#0", "cullface": "down"}
			}
		},
		{
			"from": [3, 0, 10],
			"to": [3.5, 2, 11],
			"rotation": {"angle": 0, "axis": "y", "origin": [8.5, -6, 7]},
			"faces": {
				"north": {"uv": [10.5, 14, 10, 16], "texture": "#0", "cullface": "north"},
				"east": {"uv": [10, 14, 11, 16], "texture": "#0"},
				"south": {"uv": [10, 14, 10.5, 16], "texture": "#0", "cullface": "south"},
				"up": {"uv": [10, 14, 11, 14.5], "rotation": 90, "texture": "#0"},
				"down": {"uv": [10, 15, 11, 15.5], "rotation": 90, "texture": "#0", "cullface": "down"}
			}
		},
		{
			"from": [-0.5, 0, 14],
			"to": [0, 2, 15],
			"rotation": {"angle": 0, "axis": "y", "origin": [5, -6, 11]},
			"faces": {
				"north": {"uv": [10.5, 14, 10, 16], "texture": "#0", "cullface": "north"},
				"south": {"uv": [10, 14, 10.5, 16], "texture": "#0", "cullface": "south"},
				"west": {"uv": [10, 14, 11, 16], "texture": "#0", "cullface": "west"},
				"up": {"uv": [10, 14, 11, 14.5], "rotation": 90, "texture": "#0"},
				"down": {"uv": [10, 15, 11, 15.5], "rotation": 90, "texture": "#0", "cullface": "down"}
			}
		},
		{
			"from": [3, 0, 14],
			"to": [3.5, 2, 15],
			"rotation": {"angle": 0, "axis": "y", "origin": [8.5, -6, 11]},
			"faces": {
				"north": {"uv": [10.5, 14, 10, 16], "texture": "#0", "cullface": "north"},
				"east": {"uv": [10, 14, 11, 16], "texture": "#0"},
				"south": {"uv": [10, 14, 10.5, 16], "texture": "#0", "cullface": "south"},
				"up": {"uv": [10, 14, 11, 14.5], "rotation": 90, "texture": "#0"},
				"down": {"uv": [10, 15, 11, 15.5], "rotation": 90, "texture": "#0", "cullface": "down"}
			}
		}
	]
}