{
	"credit": "Made with Blockbench",
	"ambientocclusion": false,
	"textures": {
		"1": "block/crimson_door_bottom"
	},
	"elements": [
		{
			"from": [0, 0, 0],
			"to": [3, 16, 16],
			"faces": {
				"north": {"uv": [3, 0, 0, 16], "texture": "#1", "cullface": "south"},
				"east": {"uv": [0, 0, 16, 16], "texture": "#1"},
				"south": {"uv": [0, 0, 3, 16], "texture": "#1", "cullface": "north"},
				"west": {"uv": [16, 0, 0, 16], "texture": "#1", "cullface": "west"},
				"down": {"uv": [13, 16, 16, 0], "texture": "#1", "cullface": "down"}
			}
		},
		{
			"from": [-0.5, 15, 2],
			"to": [0, 16, 5],
			"rotation": {"angle": 0, "axis": "y", "origin": [5, 8, 8]},
			"faces": {
				"north": {"uv": [11.5, 0, 11, 1], "texture": "#1", "cullface": "south"},
				"south": {"uv": [11, 0, 11.5, 1], "texture": "#1", "cullface": "north"},
				"west": {"uv": [14, 0, 11, 1], "texture": "#1", "cullface": "west"},
				"up": {"uv": [11.5, 0, 11, 3], "rotation": 90, "texture": "#1"},
				"down": {"uv": [11.5, 0, 11, 3], "rotation": 90, "texture": "#1", "cullface": "down"}
			}
		},
		{
			"from": [3, 15, 2],
			"to": [3.5, 16, 5],
			"rotation": {"angle": 0, "axis": "y", "origin": [8.5, 8, 8]},
			"faces": {
				"north": {"uv": [11.5, 0, 11, 1], "texture": "#1", "cullface": "south"},
				"east": {"uv": [11, 0, 14, 1], "texture": "#1"},
				"south": {"uv": [11, 0, 11.5, 1], "texture": "#1", "cullface": "north"},
				"up": {"uv": [11.5, 0, 11, 3], "rotation": 90, "texture": "#1"},
				"down": {"uv": [11.5, 0, 11, 3], "rotation": 90, "texture": "#1", "cullface": "down"}
			}
		}
	]
}